movie,link,budget,gross_ww,runtime,rating,genre
Mulholland Drive,/title/tt0166924/?ref_=sr_t_1,"['15,000,000']","['20,271,953']",2h 27m,7.9,"['Drama', 'Mystery', 'Thriller']"
In the Mood for Love,/title/tt0118694/?ref_=sr_t_1,"['2,738,980']",[],1h 38m,8.1,
The Tree of Life,/title/tt0478304/?ref_=sr_t_1,"['32,000,000']","['58,409,247']",2h 19m,6.8,"['Drama', 'Fantasy']"
Yi Yi: A One and a Two,/title/tt0244316/?ref_=sr_t_1,"['1,136,776']",,,,
Goodbye to Language,/title/tt2400275/?ref_=sr_t_1,[],,,,
The White Meadows,/title/tt1509132/?ref_=sr_t_1,,,,,
Night Across the Street,/title/tt1876360/?ref_=sr_t_1,"['153,000,000']",[],Raúl Ruiz,6.1,"['Comedy', 'Drama', 'Fantasy']"
Certified Copy,/title/tt1020773/?ref_=sr_t_1,"['7,000,000']","['7,736,632']",1h 46m,7.2,"['Drama', 'Romance']"
Sparrow,/title/tt2873282/?ref_=sr_t_1,"['69,000,000']","['151,572,634']",2h 20m,6.6,"['Action', 'Drama', 'Thriller']"
Fados,/title/tt4131594/?ref_=sr_t_1,[],,,,
Eternal Sunshine of the Spotless Mind,/title/tt0338013/?ref_=sr_t_1,"['20,000,000']","['74,036,715']",1h 48m,8.3,"['Drama', 'Romance', 'Sci-Fi']"
Syndromes and a Century,/title/tt0477731/?ref_=sr_t_1,[],[],Apichatpong Weerasethakul,7.3,['Drama']
Spirited Away,/title/tt0245429/?ref_=sr_t_1,"['19,000,000']","['357,287,850']",2h 5m,8.6,"['Animation', 'Adventure', 'Family']"
The Act of Killing,/title/tt2375605/?ref_=sr_t_1,"['1,000,000']",[],1h 57m,8.2,"['Documentary', 'Biography', 'Crime']"
The Grand Budapest Hotel,/title/tt2278388/?ref_=sr_t_1,"['25,000,000']","['174,563,280']",1h 39m,8.1,"['Adventure', 'Comedy', 'Crime']"
The New World,/title/tt0402399/?ref_=sr_t_1,"['30,000,000']","['49,334,775']",2h 15m,6.7,"['Biography', 'Drama', 'History']"
The World,/title/tt12747748/?ref_=sr_t_1,,,,,
Elephant,/title/tt0080678/?ref_=sr_t_1,"['5,000,000']","['26,023,860']",2h 4m,8.2,"['Biography', 'Drama']"
Zero Dark Thirty,/title/tt1790885/?ref_=sr_t_1,"['40,000,000']","['132,820,716']",2h 37m,7.4,"['Drama', 'History', 'Thriller']"
A History of Violence,/title/tt0399146/?ref_=sr_t_1,"['32,000,000']","['61,385,065']",1h 36m,7.4,"['Action', 'Crime', 'Drama']"
Stories We Tell,/title/tt2366450/?ref_=sr_t_1,,,,,
Casino Royale,/title/tt0381061/?ref_=sr_t_1,"['150,000,000']","['616,505,162']",2h 24m,8.0,"['Action', 'Adventure', 'Thriller']"
Tabu,/title/tt0022458/?ref_=sr_t_1,[],,,,
Snow White,/title/tt6208148/?ref_=sr_t_1,,,,,
Frozen River,/title/tt0978759/?ref_=sr_t_1,"['1,000,000']","['5,457,664']",1h 37m,7.1,"['Crime', 'Drama']"
Gosford Park,/title/tt0280707/?ref_=sr_t_1,"['19,800,000']","['87,754,044']",2h 17m,7.2,"['Comedy', 'Drama', 'Mystery']"
Inception,/title/tt1375666/?ref_=sr_t_1,"['160,000,000']","['839,030,630']",2h 28m,8.8,"['Action', 'Adventure', 'Sci-Fi']"
Pan's Labyrinth,/title/tt0457430/?ref_=sr_t_1,"['19,000,000']","['83,862,032']",1h 58m,8.2,"['Drama', 'Fantasy', 'War']"
Caché,/title/tt0387898/?ref_=sr_t_1,"['8,000,000']","['16,197,824']",1h 57m,7.3,"['Drama', 'Mystery', 'Thriller']"
Grizzly Man,/title/tt0427312/?ref_=sr_t_1,,,,,
"4 Months, 3 Weeks & 2 Days",/title/tt1032846/?ref_=sr_t_1,[],"['10,174,839']",1h 53m,7.9,['Drama']
Holy Motors,/title/tt2076220/?ref_=sr_t_1,,,,,
The Last of the Unjust,/title/tt2340784/?ref_=sr_t_1,"['2,500,000']",[],Claude Lanzmann,7.3,"['Documentary', 'History']"
There Will Be Blood,/title/tt0469494/?ref_=sr_t_1,"['25,000,000']","['76,182,388']",2h 38m,8.2,['Drama']
The Piano Teacher,/title/tt0254686/?ref_=sr_t_1,"['70,000,000']","['6,766,589']",2h 11m,7.5,"['Drama', 'Music']"
Margaret,/title/tt9185206/?ref_=sr_t_1,"['30,000,000']","['21,464,043']",1h 46m,7.3,"['Comedy', 'Drama', 'Family']"
American Psycho,/title/tt0144084/?ref_=sr_t_1,"['7,000,000']","['34,266,564']",1h 42m,7.6,"['Crime', 'Drama', 'Horror']"
Lourdes,/title/tt1405809/?ref_=sr_t_1,"['2,000,000']","['2,947,270']",1h 36m,6.9,['Drama']
Red Road,/title/tt0471030/?ref_=sr_t_1,,,,,
Boyhood,/title/tt1065073/?ref_=sr_t_1,"['4,000,000']","['48,137,666']",2h 45m,7.9,['Drama']
Tony Manero,/title/tt1223975/?ref_=sr_t_1,,,,,
No Country For Old Men,/title/tt0477348/?ref_=sr_t_1,"['25,000,000']","['171,627,740']",2h 2m,8.2,"['Crime', 'Drama', 'Thriller']"
A Separation,/title/tt1832382/?ref_=sr_t_1,[],"['22,926,076']",2h 3m,8.3,['Drama']
Finding Nemo,/title/tt0266543/?ref_=sr_t_1,"['94,000,000']","['941,637,960']",1h 40m,8.2,"['Animation', 'Adventure', 'Comedy']"
Hero,/title/tt2245084/?ref_=sr_t_1,"['165,000,000']","['657,869,686']",1h 42m,7.8,"['Animation', 'Action', 'Adventure']"
The Wolf of Wall Street,/title/tt0993846/?ref_=sr_t_1,"['100,000,000']","['406,878,233']",3h,8.2,"['Biography', 'Comedy', 'Crime']"
Mother,/title/tt5109784/?ref_=sr_t_1,"['30,000,000']","['44,516,999']",2h 1m,6.6,"['Drama', 'Horror', 'Mystery']"
The Bourne Ultimatum,/title/tt0440963/?ref_=sr_t_1,"['110,000,000']","['444,100,035']",1h 55m,8.0,"['Action', 'Mystery', 'Thriller']"
Traffic,/title/tt0181865/?ref_=sr_t_1,"['48,000,000']","['207,515,725']",2h 27m,7.6,"['Crime', 'Drama', 'Thriller']"
Vincere,/title/tt1156173/?ref_=sr_t_1,"['13,000,000']","['5,701,481']",2h 8m,6.8,"['Biography', 'Drama', 'Romance']"
Le quattro volte,/title/tt1646975/?ref_=sr_t_1,,,,,
The Profession of Arms,/title/tt0245276/?ref_=sr_t_1,,,,,
Gostanza da Libbiano,/title/tt0257726/?ref_=sr_t_1,,,,,
At the First Breath of Wind,/title/tt0328825/?ref_=sr_t_1,,,,,
Sangue,/title/tt0071233/?ref_=sr_t_1,,,,,
Terra,/title/tt4433646/?ref_=sr_t_1,,,,,
Oh! Man,/title/tt0051196/?ref_=sr_t_1,,,,,
"Synecdoche, New York",/title/tt0383028/?ref_=sr_t_1,"['20,000,000']","['4,658,401']",2h 4m,7.5,['Drama']
Black Swan,/title/tt0947798/?ref_=sr_t_1,"['13,000,000']","['329,398,046']",1h 48m,8.0,"['Drama', 'Thriller']"
The Comedy,/title/tt0085794/?ref_=sr_t_1,"['20,000,000']","['2,536,242']",1h 49m,7.8,"['Comedy', 'Crime', 'Drama']"
Melancholia,/title/tt1527186/?ref_=sr_t_1,"['7,400,000']","['17,505,548']",2h 15m,7.1,"['Drama', 'Sci-Fi']"
Inglourious Basterds,/title/tt0361748/?ref_=sr_t_1,"['70,000,000']","['321,457,747']",2h 33m,8.4,"['Adventure', 'Drama', 'War']"
Inside Llewyn Davis,/title/tt2042568/?ref_=sr_t_1,"['11,000,000']","['32,960,249']",1h 44m,7.4,"['Drama', 'Music']"
Only Lovers Left Alive,/title/tt1714915/?ref_=sr_t_1,"['7,000,000']","['7,609,187']",2h 3m,7.2,"['Comedy', 'Drama', 'Fantasy']"
The Congress,/title/tt1821641/?ref_=sr_t_1,"['34,148,170']",[],2h 2m,6.4,"['Animation', 'Drama', 'Sci-Fi']"
The Master,/title/tt0311113/?ref_=sr_t_1,"['150,000,000']","['211,622,535']",2h 18m,7.5,"['Action', 'Adventure', 'Drama']"
25th Hour,/title/tt0307901/?ref_=sr_t_1,"['5,000,000']","['23,932,055']",2h 15m,7.6,['Drama']
24 Hour Party People,/title/tt0274309/?ref_=sr_t_1,,,,,
Once Upon a Time in Anatolia,/title/tt1827487/?ref_=sr_t_1,,,,,
Zodiac,/title/tt0443706/?ref_=sr_t_1,"['65,000,000']","['84,785,914']",2h 37m,7.7,"['Crime', 'Drama', 'Mystery']"
A Serious Man,/title/tt1019452/?ref_=sr_t_1,"['7,000,000']","['31,430,334']",1h 46m,7.0,"['Comedy', 'Drama']"
Tinker Tailor Soldier Spy,/title/tt1340800/?ref_=sr_t_1,"['20,000,000']","['81,515,369']",2h 7m,7.0,"['Drama', 'Mystery', 'Thriller']"
Primer,/title/tt0390384/?ref_=sr_t_1,[],[],1h 17m,6.7,"['Drama', 'Sci-Fi', 'Thriller']"
La commune,/title/tt0257497/?ref_=sr_t_1,,,,,
Uncle Boonmee Who Can Recall His Past Lives,/title/tt1588895/?ref_=sr_t_1,,,,,
2046,/title/tt0212712/?ref_=sr_t_1,"['12,000,000']","['20,205,757']",2h 9m,7.4,"['Drama', 'Romance', 'Sci-Fi']"
Adaptation,/title/tt0268126/?ref_=sr_t_1,"['19,000,000']","['32,801,173']",1h 55m,7.7,"['Comedy', 'Drama']"
Battle in Heaven,/title/tt0387055/?ref_=sr_t_1,"['1,601,792']",[],Carlos Reygadas,5.5,"['Crime', 'Drama']"
Inland Empire,/title/tt0460829/?ref_=sr_t_1,,,,,
Mysteries of Lisbon,/title/tt20259142/?ref_=sr_t_1,,,,,
Children of Men,/title/tt0206634/?ref_=sr_t_1,"['76,000,000']","['70,595,464']",1h 49m,7.9,"['Action', 'Drama', 'Sci-Fi']"
City of God,/title/tt0317248/?ref_=sr_t_1,"['3,300,000']","['30,680,793']",2h 10m,8.6,"['Crime', 'Drama']"
The Incredibles,/title/tt0317705/?ref_=sr_t_1,"['92,000,000']","['631,684,650']",1h 55m,8.0,"['Animation', 'Action', 'Adventure']"
Birdman,/title/tt2562232/?ref_=sr_t_1,"['18,000,000']","['103,215,094']",1h 59m,7.7,"['Comedy', 'Drama']"
Brokeback Mountain,/title/tt0388795/?ref_=sr_t_1,"['14,000,000']","['178,062,759']",2h 14m,7.7,"['Drama', 'Romance']"
12 Years a Slave,/title/tt2024544/?ref_=sr_t_1,"['20,000,000']","['187,733,202']",2h 14m,8.1,"['Biography', 'Drama', 'History']"
Fish Tank,/title/tt1232776/?ref_=sr_t_1,"['3,000,000']","['2,404,300']",2h 3m,7.3,['Drama']
Mommy,/title/tt3612616/?ref_=sr_t_1,,,,,
Talk to Her,/title/tt0287467/?ref_=sr_t_1,,,,,
Timbuktu,/title/tt3409392/?ref_=sr_t_1,,,,,
Selma,/title/tt1020072/?ref_=sr_t_1,"['20,000,000']","['67,782,762']",2h 8m,7.5,"['Biography', 'Drama', 'History']"
The White Ribbon,/title/tt1149362/?ref_=sr_t_1,"['18,000,000']","['19,319,671']",2h 24m,7.8,"['Drama', 'Mystery', 'Thriller']"
The Headless Woman,/title/tt1221141/?ref_=sr_t_1,,,,,
The Royal Tenenbaums,/title/tt0265666/?ref_=sr_t_1,"['21,000,000']","['71,441,655']",1h 50m,7.6,"['Comedy', 'Drama']"
Far From Heaven,/title/tt0297884/?ref_=sr_t_1,"['13,500,000']","['29,027,914']",1h 47m,7.3,"['Drama', 'Romance']"
Moonrise Kingdom,/title/tt1748122/?ref_=sr_t_1,"['16,000,000']","['68,264,022']",1h 34m,7.8,"['Adventure', 'Comedy', 'Drama']"
Lost in Translation,/title/tt0335266/?ref_=sr_t_1,"['4,000,000']","['118,686,937']",1h 42m,7.7,"['Comedy', 'Drama']"
A Single Man,/title/tt1315981/?ref_=sr_t_1,"['7,000,000']","['24,964,890']",1h 39m,7.5,"['Crime', 'Drama', 'Romance']"
Toy Story 3,/title/tt0435761/?ref_=sr_t_1,"['200,000,000']","['1,067,316,']",1h 43m,8.3,"['Animation', 'Adventure', 'Comedy']"
I Am Love,/title/tt1226236/?ref_=sr_t_1,"['3,600,000']","['11,815,252']",2h,7.0,"['Drama', 'Romance']"
Donnie Darko,/title/tt0246578/?ref_=sr_t_1,"['6,000,000']","['7,151,570']",1h 53m,8.0,"['Drama', 'Mystery', 'Sci-Fi']"
Inherent Vice,/title/tt1791528/?ref_=sr_t_1,"['20,000,000']","['14,810,975']",2h 28m,6.6,"['Comedy', 'Crime', 'Drama']"
Film socialisme,/title/tt1438535/?ref_=sr_t_1,,,,,
This Is the End,/title/tt1245492/?ref_=sr_t_1,"['32,000,000']","['126,041,322']",1h 47m,6.6,"['Comedy', 'Fantasy']"
Somewhere,/title/tt14097180/?ref_=sr_t_1,,,,,
Almayer's Folly,/title/tt1532530/?ref_=sr_t_1,,,,,
The Story of Marie and Julien,/title/tt0339357/?ref_=sr_t_1,,,,,
Bamboozled,/title/tt0215545/?ref_=sr_t_1,"['10,000,000']","['2,463,650']",2h 15m,6.6,"['Comedy', 'Drama', 'Music']"
Under the Skin,/title/tt1441395/?ref_=sr_t_1,"['13,300,000']","['5,968,016']",1h 48m,6.3,"['Drama', 'Horror', 'Mystery']"
Anomalisa,/title/tt2401878/?ref_=sr_t_1,"['8,000,000']","['5,659,286']",1h 30m,7.3,"['Animation', 'Comedy', 'Drama']"
Madagascar 3: Europe's Most Wanted,/title/tt1277953/?ref_=sr_t_1,"['145,000,000']","['746,921,274']",1h 33m,6.8,"['Animation', 'Adventure', 'Comedy']"
Another Year,/title/tt1431181/?ref_=sr_t_1,"['8,000,000']","['19,722,766']",2h 9m,7.4,"['Comedy', 'Drama']"
The Diving Bell and the Butterfly,/title/tt0401383/?ref_=sr_t_1,,,,,
The Social Network,/title/tt1285016/?ref_=sr_t_1,"['40,000,000']","['224,920,375']",2h,7.8,"['Biography', 'Drama']"
WALL-E,/title/tt0993846/?ref_=sr_t_1,"['100,000,000']","['406,878,233']",3h,8.2,"['Biography', 'Comedy', 'Crime']"
The Son's Room,/title/tt0208990/?ref_=sr_t_1,,,,,
Extraordinary Stories,/title/tt3312748/?ref_=sr_t_1,,,,,
The Assassin,/title/tt0443680/?ref_=sr_t_1,"['30,000,000']","['15,001,776']",2h 40m,7.5,"['Biography', 'Crime', 'Drama']"
Million Dollar Baby,/title/tt0405159/?ref_=sr_t_1,"['30,000,000']","['216,763,646']",2h 12m,8.1,"['Drama', 'Sport']"
Leviathan,/title/tt0097737/?ref_=sr_t_1,"['25,000,000']","['15,704,614']",1h 38m,5.8,"['Adventure', 'Horror', 'Mystery']"
A Touch of Sin,/title/tt2852400/?ref_=sr_t_1,,,,,
Distant,/title/tt0346094/?ref_=sr_t_1,,,,,
A Prophet,/title/tt1235166/?ref_=sr_t_1,"['13,000,000']","['17,874,044']",2h 35m,7.8,"['Crime', 'Drama']"
Blue Is the Warmest Color,/title/tt2278871/?ref_=sr_t_1,"['4,000,000']","['19,465,835']",3h,7.7,"['Drama', 'Romance']"
Moolaadé,/title/tt0416991/?ref_=sr_t_1,,,,,
The Secret in Their Eyes,/title/tt1305806/?ref_=sr_t_1,"['2,000,000']","['35,079,650']",2h 9m,8.2,"['Drama', 'Mystery', 'Romance']"
Oldboy,/title/tt0364569/?ref_=sr_t_1,"['3,000,000']","['17,495,578']",2h,8.4,"['Action', 'Drama', 'Mystery']"
Fat Girl,/title/tt0243255/?ref_=sr_t_1,,,,,
The Orphanage,/title/tt0464141/?ref_=sr_t_1,"['3,400,000']","['78,638,987']",1h 45m,7.4,"['Drama', 'Horror', 'Mystery']"
The Hunt,/title/tt2106476/?ref_=sr_t_1,"['20,000,000']","['15,886,373']",1h 55m,8.3,['Drama']
Spring Breakers,/title/tt2101441/?ref_=sr_t_1,"['5,000,000']","['32,170,399']",Harmony Korine,5.3,"['Crime', 'Drama', 'Thriller']"
My Winnipeg,/title/tt1093842/?ref_=sr_t_1,[],[],1h 20m,7.5,"['Documentary', 'Comedy', 'Drama']"
The Ghost Writer,/title/tt1139328/?ref_=sr_t_1,"['45,000,000']","['60,331,447']",2h 8m,7.2,"['Crime', 'Drama', 'Mystery']"
Moulin Rouge!,/title/tt0203009/?ref_=sr_t_1,"['50,000,000']","['184,928,542']",2h 7m,7.6,"['Drama', 'Musical', 'Romance']"
Star Wars: Episode III – Revenge of the Sith,/title/tt0121766/?ref_=sr_t_1,"['113,000,000']","['868,390,560']",2h 20m,7.6,"['Action', 'Adventure', 'Fantasy']"
Manakamana,/title/tt3103326/?ref_=sr_t_1,,,,,
The Curious Case of Benjamin Button,/title/tt0421715/?ref_=sr_t_1,"['150,000,000']","['335,802,786']",2h 46m,7.8,"['Drama', 'Fantasy', 'Romance']"
"You, The Living",/title/tt0445336/?ref_=sr_t_1,,,,,
Shoot the Messenger,/title/tt0800199/?ref_=sr_t_1,,,,,
Red Leaves,/title/tt9349016/?ref_=sr_t_1,"['4,000,000']",[],Shuqing Shi,4.9,"['Drama', 'Family', 'Romance']"
The Colonial Misunderstanding,/title/tt0474246/?ref_=sr_t_1,,,,,
Restless City,/title/tt1545464/?ref_=sr_t_1,,,,,
Conversations on a Sunday Afternoon,/title/tt0471130/?ref_=sr_t_1,,,,,
Belle,/title/tt28976068/?ref_=sr_t_1,,,,,
Requiem for a Dream,/title/tt0180093/?ref_=sr_t_1,"['4,500,000']","['7,390,108']",1h 42m,8.3,['Drama']
Antichrist,/title/tt0870984/?ref_=sr_t_1,"['11,000,000']","['7,413,863']",1h 48m,6.5,"['Drama', 'Horror', 'Thriller']"
The Child,/title/tt0091129/?ref_=sr_t_1,"['25,000,000']","['79,817,937']",1h 34m,6.0,"['Action', 'Adventure', 'Comedy']"
Kill Bill: Vol. 1,/title/tt0266697/?ref_=sr_t_1,"['30,000,000']","['180,906,076']",1h 51m,8.2,"['Action', 'Crime', 'Thriller']"
Irreversible,/title/tt0290673/?ref_=sr_t_1,,,,,
Amour,/title/tt1602620/?ref_=sr_t_1,"['8,900,000']","['29,664,140']",2h 7m,7.9,['Drama']
Monsoon Wedding,/title/tt0265343/?ref_=sr_t_1,"['7,000,000']","['30,787,356']",1h 54m,7.3,"['Comedy', 'Drama', 'Romance']"
Son of Saul,/title/tt3808342/?ref_=sr_t_1,"['1,500,000']","['6,659,121']",1h 47m,7.4,"['Drama', 'War']"
Thithi,/title/tt4881362/?ref_=sr_t_1,,,,,
No Man's Land,/title/tt0283509/?ref_=sr_t_1,"['2,000,000']","['4,858,869']",1h 38m,7.9,"['Comedy', 'Drama', 'War']"
Waltz with Bashir,/title/tt1185616/?ref_=sr_t_1,"['1,500,000']","['11,179,372']",1h 30m,8.0,"['Documentary', 'Animation', 'Biography']"
In Praise of Love,/title/tt0181912/?ref_=sr_t_1,,,,,
Like Someone In Love,/title/tt1843287/?ref_=sr_t_1,,,,,
Butter on the Latch,/title/tt2252304/?ref_=sr_t_1,,,,,
Heaven Knows What,/title/tt3687186/?ref_=sr_t_1,,,,,
The Future,/title/tt0088763/?ref_=sr_t_1,"['19,000,000']","['383,336,762']",1h 56m,8.5,"['Adventure', 'Comedy', 'Sci-Fi']"
Coma,/title/tt0077355/?ref_=sr_t_1,"['4,500,000']",,,,
The Matchmaker,/title/tt7913934/?ref_=sr_t_1,,,,,
Footnote,/title/tt1445520/?ref_=sr_t_1,,,,,
The Son,/title/tt0107034/?ref_=sr_t_1,"['17,000,000']","['60,613,008']",1h 27m,6.4,"['Drama', 'Thriller']"
You Can Count On Me,/title/tt0203230/?ref_=sr_t_1,"['1,200,000']","['11,242,521']",1h 51m,7.5,['Drama']
Yossi & Jagger,/title/tt0334754/?ref_=sr_t_1,,,,,
"O Brother, Where Art Thou?",/title/tt0190590/?ref_=sr_t_1,"['26,000,000']","['71,870,729']",1h 47m,7.7,"['Adventure', 'Comedy', 'Crime']"
The Babadook,/title/tt2321549/?ref_=sr_t_1,"['2,000,000']","['10,484,459']",1h 34m,6.8,"['Horror', 'Mystery']"
Russian Ark,/title/tt0318034/?ref_=sr_t_1,,,,,
Inside Out,/title/tt22022452/?ref_=sr_t_1,,,,,
Persepolis,/title/tt0808417/?ref_=sr_t_1,"['7,300,000']","['22,783,978']",1h 36m,8.0,"['Animation', 'Biography', 'Drama']"
Mad Max: Fury Road,/title/tt1392190/?ref_=sr_t_1,"['150,000,000']","['380,418,444']",2h,8.1,"['Action', 'Adventure', 'Sci-Fi']"
Attack the Block,/title/tt1478964/?ref_=sr_t_1,"['13,000,000']","['6,206,022']",1h 28m,6.7,"['Action', 'Adventure', 'Comedy']"
Before Sunset,/title/tt0381681/?ref_=sr_t_1,"['2,700,000']","['15,849,759']",Richard Linklater,8.1,"['Drama', 'Romance']"
Ratatouille,/title/tt0382932/?ref_=sr_t_1,"['150,000,000']","['623,726,085']",1h 51m,8.1,"['Animation', 'Adventure', 'Comedy']"
Amores Perros,/title/tt0245712/?ref_=sr_t_1,"['2,000,000']","['20,908,467']",2h 34m,8.1,"['Drama', 'Thriller']"
Minority Report,/title/tt0181689/?ref_=sr_t_1,"['102,000,000']","['358,372,926']",2h 25m,7.6,"['Action', 'Crime', 'Mystery']"
Secret Sunshine,/title/tt0817225/?ref_=sr_t_1,,,,,
The Dark Knight,/title/tt0468569/?ref_=sr_t_1,"['185,000,000']","['1,029,266,']",2h 32m,9.0,"['Action', 'Crime', 'Drama']"
35 Shots of Rum,/title/tt1100048/?ref_=sr_t_1,"['3,599,757']",[],1h 40m,7.1,['Drama']
The Three Burials of Melquiades Estrada,/title/tt0419294/?ref_=sr_t_1,"['15,000,000']","['12,045,362']",2h 1m,7.3,"['Adventure', 'Crime', 'Drama']"
The Blind Swordsman: Zatoichi,/title/tt0363226/?ref_=sr_t_1,,,,,
Dancer in the Dark,/title/tt0168629/?ref_=sr_t_1,"['12,800,000']","['40,061,153']",2h 20m,7.9,"['Crime', 'Drama', 'Musical']"
Tey,/title/tt2186933/?ref_=sr_t_1,,,,,
Sweet Sixteen,/title/tt0083146/?ref_=sr_t_1,,,,,
Ezra,/title/tt20315818/?ref_=sr_t_1,,,,,
Almost Famous,/title/tt0181875/?ref_=sr_t_1,"['60,000,000']","['47,386,287']",2h 2m,7.9,"['Adventure', 'Comedy', 'Drama']"
Memories of Murder,/title/tt0353969/?ref_=sr_t_1,"['2,800,000']","['1,204,841']",2h 12m,8.1,"['Crime', 'Drama', 'Mystery']"
Tropical Malady,/title/tt0381668/?ref_=sr_t_1,,,,,
Hard to Be a God,/title/tt2328813/?ref_=sr_t_1,"['7,000,000']","['1,299,035']",2h 57m,6.6,"['Drama', 'Sci-Fi']"
Borat: Cultural Learnings of America for Make Benefit Glorious Nation of Kazakhstan,/title/tt0443453/?ref_=sr_t_1,"['18,000,000']","['262,552,893']",1h 24m,7.4,['Comedy']
Let the Right One In,/title/tt1139797/?ref_=sr_t_1,"['4,000,000']","['11,227,336']",1h 54m,7.8,"['Drama', 'Fantasy', 'Horror']"
World of Tomorrow,/title/tt0346156/?ref_=sr_t_1,"['70,000,000']","['57,947,036']",1h 46m,6.1,"['Action', 'Adventure', 'Mystery']"
Ex Machina,/title/tt0470752/?ref_=sr_t_1,"['15,000,000']","['37,394,629']",1h 48m,7.7,"['Drama', 'Sci-Fi', 'Thriller']"
The Avengers,/title/tt0848228/?ref_=sr_t_1,"['220,000,000']","['1,520,538,']",2h 23m,8.0,"['Action', 'Sci-Fi']"
Her,/title/tt1798709/?ref_=sr_t_1,"['23,000,000']","['48,517,427']",2h 6m,8.0,"['Drama', 'Romance', 'Sci-Fi']"
Kill Bill: Vol. 2,/title/tt0378194/?ref_=sr_t_1,"['30,000,000']","['154,117,157']",2h 17m,8.0,"['Action', 'Crime', 'Thriller']"
Manchester by the Sea,/title/tt4034228/?ref_=sr_t_1,"['9,000,000']","['78,988,148']",2h 17m,7.8,['Drama']
The Host,/title/tt1517260/?ref_=sr_t_1,"['40,000,000']","['63,365,859']",2h 5m,5.8,"['Action', 'Adventure', 'Drama']"
District 9,/title/tt1136608/?ref_=sr_t_1,"['30,000,000']","['210,888,950']",1h 52m,7.9,"['Action', 'Sci-Fi', 'Thriller']"
Love & Friendship,/title/tt3068194/?ref_=sr_t_1,"['3,000,000']","['21,401,949']",1h 30m,6.4,"['Comedy', 'Drama', 'Romance']"
Evolution of a Filipino Family,/title/tt0424062/?ref_=sr_t_1,,,,,
Pulse,/title/tt0286751/?ref_=sr_t_1,,,,,
Cave of Forgotten Dreams,/title/tt1664894/?ref_=sr_t_1,,,,,
Heaven's Story,/title/tt15212880/?ref_=sr_t_1,,,,,
"Norte, the End of History",/title/tt2852432/?ref_=sr_t_1,,,,,
"Crouching Tiger, Hidden Dragon",/title/tt0190332/?ref_=sr_t_1,"['17,000,000']","['213,977,285']",2h,7.9,"['Action', 'Adventure', 'Drama']"
The Pianist,/title/tt0253474/?ref_=sr_t_1,"['35,000,000']","['120,072,577']",2h 30m,8.5,"['Biography', 'Drama', 'Music']"
Lincoln,/title/tt1189340/?ref_=sr_t_1,"['40,000,000']","['86,752,352']",1h 58m,7.3,"['Crime', 'Drama', 'Mystery']"
Life of Pi,/title/tt0454876/?ref_=sr_t_1,"['120,000,000']","['609,016,565']",2h 7m,7.9,"['Adventure', 'Drama', 'Fantasy']"
Mystic River,/title/tt0327056/?ref_=sr_t_1,"['25,000,000']","['156,595,191']",2h 18m,7.9,"['Crime', 'Drama', 'Mystery']"
American Hustle,/title/tt1800241/?ref_=sr_t_1,"['40,000,000']","['251,171,807']",2h 18m,7.2,"['Crime', 'Drama']"
After the Wedding,/title/tt0457655/?ref_=sr_t_1,,,,,
Memento,/title/tt0209144/?ref_=sr_t_1,"['9,000,000']","['40,047,078']",1h 53m,8.4,"['Mystery', 'Thriller']"
Gravity,/title/tt1454468/?ref_=sr_t_1,"['100,000,000']","['773,031,583']",1h 31m,7.7,"['Drama', 'Sci-Fi', 'Thriller']"
The Five Obstructions,/title/tt0354575/?ref_=sr_t_1,,,,,
Ida,/title/tt2718492/?ref_=sr_t_1,,,,,
Nobody Knows,/title/tt0408664/?ref_=sr_t_1,,,,,
Wild Tales,/title/tt3011894/?ref_=sr_t_1,"['3,300,000']","['31,478,893']",Damián Szifron,8.1,"['Comedy', 'Drama', 'Thriller']"
Eldorado,/title/tt27906298/?ref_=sr_t_1,,,,,
The Stuart Hall Project,/title/tt2578290/?ref_=sr_t_1,,,,,
Waiting for Happiness,/title/tt0308363/?ref_=sr_t_1,"['1,450,000']",[],Khatra Ould Abder Kader,6.6,"['Drama', 'Music']"
Something Necessary,/title/tt2400272/?ref_=sr_t_1,,,,,
Sembène!,/title/tt4344782/?ref_=sr_t_1,,,,,
5 Broken Cameras,/title/tt2125423/?ref_=sr_t_1,,,,,
Hooligan Sparrow,/title/tt4079902/?ref_=sr_t_1,,,,,
7 Letters,/title/tt4691166/?ref_=sr_t_1,"['3,100,000']",[],Junfeng Boo,6.9,['Drama']
Weekend,/title/tt0385057/?ref_=sr_t_1,,,,,
How to Survive a Plague,/title/tt2124803/?ref_=sr_t_1,,,,,
American Splendor,/title/tt0305206/?ref_=sr_t_1,,,,,
An Injury to One,/title/tt0342570/?ref_=sr_t_1,,,,,
Love & Basketball,/title/tt0199725/?ref_=sr_t_1,"['20,000,000']","['27,743,596']",Gina Prince-Bythewood,7.2,"['Drama', 'Romance', 'Sport']"
It's Such a Beautiful Day,/title/tt2396224/?ref_=sr_t_1,,,,,
Actress,/title/tt0291350/?ref_=sr_t_1,,,,,
Carol,/title/tt1067106/?ref_=sr_t_1,"['200,000,000']","['325,286,646']",1h 36m,6.8,"['Animation', 'Adventure', 'Comedy']"
The Wind Rises,/title/tt2013293/?ref_=sr_t_1,"['30,000,000']","['136,864,780']",2h 6m,7.7,"['Animation', 'Biography', 'Drama']"
Collateral,/title/tt0369339/?ref_=sr_t_1,"['65,000,000']","['220,239,925']",2h,7.5,"['Action', 'Crime', 'Drama']"
Brooklyn,/title/tt2381111/?ref_=sr_t_1,"['11,000,000']","['62,402,155']",1h 57m,7.5,"['Drama', 'Romance']"
Nightcrawler,/title/tt2872718/?ref_=sr_t_1,"['8,500,000']","['47,425,835']",1h 57m,7.8,"['Crime', 'Drama', 'Thriller']"
Take Shelter,/title/tt1675192/?ref_=sr_t_1,"['5,000,000']","['3,741,098']",2h,7.3,"['Drama', 'Horror', 'Sci-Fi']"
Fantastic Mr Fox,/title/tt0432283/?ref_=sr_t_1,"['40,000,000']","['58,087,259']",1h 27m,7.9,"['Animation', 'Adventure', 'Comedy']"
Senna,/title/tt1424432/?ref_=sr_t_1,,,,,
Frances Ha,/title/tt2347569/?ref_=sr_t_1,,,,,
Dogtooth,/title/tt1379182/?ref_=sr_t_1,,,,,
A Pigeon Sat on a Branch Reflecting on Existence,/title/tt1883180/?ref_=sr_t_1,,,,,
Katyn,/title/tt0879843/?ref_=sr_t_1,"['4,000,000']","['14,768,451']",2h 1m,7.0,"['Drama', 'History', 'War']"
Sympathy for Mr Vengeance,/title/tt0310775/?ref_=sr_t_1,"['4,000,000']","['2,046,061']",2h 9m,7.5,"['Crime', 'Drama', 'Thriller']"
Still Life,/title/tt2395417/?ref_=sr_t_1,,,,,
Archipelago,/title/tt1527835/?ref_=sr_t_1,[],[],1h 54m,6.3,['Drama']
Divine Intervention,/title/tt0274428/?ref_=sr_t_1,,,,,
Crimson Gold,/title/tt0371280/?ref_=sr_t_1,,,,,
Spider-Man 2,/title/tt18351128/?ref_=sr_t_1,[],,,,
Frozen,/title/tt2294629/?ref_=sr_t_1,"['150,000,000']","['1,397,042,']",1h 42m,7.4,"['Animation', 'Adventure', 'Comedy']"
Shaun of the Dead,/title/tt0365748/?ref_=sr_t_1,"['4,000,000']","['38,649,825']",1h 39m,7.9,"['Comedy', 'Horror']"
Shame,/title/tt1723811/?ref_=sr_t_1,"['6,500,000']","['19,123,767']",Steve McQueen,7.2,['Drama']
Sideways,/title/tt0375063/?ref_=sr_t_1,"['16,000,000']","['109,706,931']",2h 7m,7.5,"['Comedy', 'Drama', 'Romance']"
Dogville,/title/tt0276919/?ref_=sr_t_1,"['10,000,000']","['16,690,617']",Lars von Trier,8.0,"['Crime', 'Drama']"
Short Term 12,/title/tt2370248/?ref_=sr_t_1,,,,,
Blue Valentine,/title/tt1120985/?ref_=sr_t_1,"['1,000,000']","['15,440,333']",1h 52m,7.3,"['Drama', 'Romance']"
The Squid and the Whale,/title/tt0367089/?ref_=sr_t_1,"['1,500,000']","['11,098,131']",1h 21m,7.3,"['Comedy', 'Drama']"
Jersey Boys,/title/tt1742044/?ref_=sr_t_1,"['40,000,000']","['67,647,013']",2h 14m,6.8,"['Biography', 'Drama', 'Music']"
Nine Queens,/title/tt0247586/?ref_=sr_t_1,"['1,500,000']","['12,413,888']",1h 54m,7.9,"['Crime', 'Drama', 'Thriller']"
Mia Madre,/title/tt0071131/?ref_=sr_t_1,,,,,
"Right Now, Wrong Then",/title/tt4768776/?ref_=sr_t_1,,,,,
Adventureland,/title/tt1091722/?ref_=sr_t_1,,,,,
Open Range,/title/tt0316356/?ref_=sr_t_1,"['22,000,000']","['68,296,293']",2h 19m,7.4,"['Action', 'Drama', 'Romance']"
Profit Motive and the Whispering Wind,/title/tt1158308/?ref_=sr_t_1,,,,,
In Jackson Heights,/title/tt4936064/?ref_=sr_t_1,,,,,
Love Exposure,/title/tt1128075/?ref_=sr_t_1,,,,,
Sicario,/title/tt3397884/?ref_=sr_t_1,"['30,000,000']","['84,997,446']",2h 1m,7.7,"['Action', 'Crime', 'Drama']"
No,/title/tt15671028/?ref_=sr_t_1,"['45,000,000']","['87,256,407']",1h 43m,6.4,"['Comedy', 'Romance']"
Whiplash,/title/tt2582802/?ref_=sr_t_1,"['3,300,000']","['49,440,684']",1h 46m,8.5,"['Drama', 'Music']"
Animal Kingdom,/title/tt16606592/?ref_=sr_t_1,"['13,000,000']","['8,149,289']",Thomas Cailley,7.2,"['Adventure', 'Drama', 'Mystery']"
Apocalypto,/title/tt0472043/?ref_=sr_t_1,"['40,000,000']","['120,673,227']",2h 19m,7.8,"['Action', 'Adventure', 'Drama']"
Three Monkeys,/title/tt6466464/?ref_=sr_t_1,"['73,000,000']","['115,084,576']",1h 54m,5.5,"['Action', 'Adventure', 'Family']"
Listen to Me Marlon,/title/tt4145178/?ref_=sr_t_1,,,,,
Talladega Nights: The Ballad of Ricky Bobby,/title/tt0415306/?ref_=sr_t_1,"['72,500,000']","['163,362,095']",1h 48m,6.6,"['Comedy', 'Sport']"
Centochiodi,/title/tt0985597/?ref_=sr_t_1,"['4,213,000']","['3,536,561']",Raz Degan,6.3,['Drama']
United 93,/title/tt0475276/?ref_=sr_t_1,"['15,000,000']","['76,700,659']",Paul Greengrass,7.6,"['Action', 'Drama', 'History']"
Bridesmaids,/title/tt1478338/?ref_=sr_t_1,"['32,500,000']","['306,442,085']",2h 5m,6.8,['Comedy']
The Look of Silence,/title/tt3521134/?ref_=sr_t_1,,,,,
We Need to Talk About Kevin,/title/tt1242460/?ref_=sr_t_1,"['7,000,000']","['9,232,318']",1h 52m,7.5,"['Drama', 'Mystery', 'Thriller']"
Chuck & Buck,/title/tt0200530/?ref_=sr_t_1,[],"['1,182,065']",1h 36m,6.6,"['Comedy', 'Drama']"
Gladiator,/title/tt0172495/?ref_=sr_t_1,"['103,000,000']","['503,162,313']",2h 35m,8.5,"['Action', 'Adventure', 'Drama']"
Munich,/title/tt0408306/?ref_=sr_t_1,"['70,000,000']","['130,982,129']",2h 44m,7.5,"['Action', 'Drama', 'History']"
Femme Fatale,/title/tt0280665/?ref_=sr_t_1,"['35,000,000']","['16,838,910']",1h 54m,6.2,"['Crime', 'Drama', 'Mystery']"
This Is Not a Film,/title/tt1667905/?ref_=sr_t_1,,,,,
Two Lovers,/title/tt1103275/?ref_=sr_t_1,"['9,800,000']","['16,303,643']",1h 50m,7.0,"['Drama', 'Romance']"
Heart of a Dog,/title/tt4935446/?ref_=sr_t_1,,,,,
The Lives of Others,/title/tt0405094/?ref_=sr_t_1,"['2,000,000']","['77,356,942']",2h 17m,8.4,"['Drama', 'Mystery', 'Thriller']"
Werckmeister Harmonies,/title/tt0249241/?ref_=sr_t_1,"['10,000,000']",[],Béla Tarr,8.0,"['Drama', 'Mystery']"
White Material,/title/tt1135952/?ref_=sr_t_1,,,,,
Stranger by the Lake,/title/tt2852458/?ref_=sr_t_1,,,,,
Colossal Youth,/title/tt0460480/?ref_=sr_t_1,,,,,
Story of My Death,/title/tt3102458/?ref_=sr_t_1,"['1,300,000']",[],Albert Serra,6.3,['Drama']
Aurora,/title/tt19394520/?ref_=sr_t_1,,,,,
The Turin Horse,/title/tt1316540/?ref_=sr_t_1,,,,,
Shutter Island,/title/tt1130884/?ref_=sr_t_1,"['80,000,000']","['294,805,697']",2h 18m,8.2,"['Mystery', 'Thriller']"
Saraband,/title/tt0299478/?ref_=sr_t_1,,,,,
The Return,/title/tt0167260/?ref_=sr_t_1,"['94,000,000']","['1,156,149,']",3h 21m,9.0,"['Action', 'Adventure', 'Drama']"
Import Export,/title/tt0459102/?ref_=sr_t_1,,,,,
The Revenant,/title/tt1663202/?ref_=sr_t_1,"['135,000,000']","['532,950,503']",2h 36m,8.0,"['Action', 'Adventure', 'Drama']"
Tie Xi Qu: West of the Tracks,/title/tt0389448/?ref_=sr_t_1,,,,,
Le filmeur,/title/tt0463991/?ref_=sr_t_1,,,,,
Our Daily Bread,/title/tt0765849/?ref_=sr_t_1,,,,,
Ankhon Dekhi,/title/tt3614516/?ref_=sr_t_1,,,,,
Court,/title/tt24249946/?ref_=sr_t_1,,,,,
"LSD: Love, Sex Aur Dhokha",/title/tt1608777/?ref_=sr_t_1,,,,,
Paan Singh Tomar,/title/tt1620933/?ref_=sr_t_1,,,,,
Udaan,/title/tt1639426/?ref_=sr_t_1,,,,,
Hazaaron Khwaishein Aisi,/title/tt0411469/?ref_=sr_t_1,,,,,
Maqbool,/title/tt0379370/?ref_=sr_t_1,,,,,
Lagaan: Once Upon a Time in India,/title/tt0169102/?ref_=sr_t_1,"['250,000,000']","['1,724,806']",3h 44m,8.1,"['Drama', 'Musical', 'Sport']"
AI: Artificial Intelligence,/title/tt11440268/?ref_=sr_t_1,[],,,,
The Lady and the Duke,/title/tt0239234/?ref_=sr_t_1,"['39,000,000']","['1,128,137']",2h 9m,6.8,"['Drama', 'History', 'Romance']"
Silent Souls,/title/tt1693830/?ref_=sr_t_1,,,,,
Me and You and Everyone We Know,/title/tt0415978/?ref_=sr_t_1,[],"['8,012,838']",Miranda July,7.2,"['Comedy', 'Drama']"
Gone Girl,/title/tt2267998/?ref_=sr_t_1,"['61,000,000']","['369,330,363']",2h 29m,8.1,"['Drama', 'Mystery', 'Thriller']"
Pain & Gain,/title/tt1980209/?ref_=sr_t_1,"['26,000,000']","['87,305,549']",2h 9m,6.4,"['Action', 'Biography', 'Comedy']"
Before Midnight,/title/tt2209418/?ref_=sr_t_1,"['3,000,000']","['20,851,106']",1h 49m,7.9,"['Drama', 'Romance']"
Fruitvale Station,/title/tt2334649/?ref_=sr_t_1,[],"['17,385,830']",1h 25m,7.5,"['Biography', 'Crime', 'Drama']"
Brick,/title/tt0393109/?ref_=sr_t_1,[],"['3,947,579']",1h 50m,7.2,"['Crime', 'Drama', 'Mystery']"
Stray Dogs,/title/tt0041699/?ref_=sr_t_1,,,,,
Ten,/title/tt0147800/?ref_=sr_t_1,"['30,000,000']","['53,479,734']",1h 37m,7.3,"['Comedy', 'Drama', 'Romance']"
Closed Curtain,/title/tt2626926/?ref_=sr_t_1,,,,,
Tangerine,/title/tt3824458/?ref_=sr_t_1,[],[],1h 28m,7.1,"['Comedy', 'Crime', 'Drama']"
Notre musique,/title/tt0360845/?ref_=sr_t_1,,,,,
Triple Agent,/title/tt0374294/?ref_=sr_t_1,,,,,
Gran Torino,/title/tt1205489/?ref_=sr_t_1,"['33,000,000']","['269,958,228']",1h 56m,8.1,['Drama']
Horse Money,/title/tt3907156/?ref_=sr_t_1,[],[],1h 43m,6.9,['Drama']
Déjà Vu,/title/tt0453467/?ref_=sr_t_1,"['75,000,000']","['180,557,550']",2h 6m,7.1,"['Action', 'Crime', 'Sci-Fi']"
Seventh Code,/title/tt3265404/?ref_=sr_t_1,,,,,
Dreams of a Life,/title/tt1819513/?ref_=sr_t_1,,,,,
The Gleaners and I,/title/tt0247380/?ref_=sr_t_1,,,,,
Lumumba,/title/tt0246765/?ref_=sr_t_1,,,,,
Hunger,/title/tt10545296/?ref_=sr_t_1,"['100,000,000']","['260,359,377']",2h 37m,7.2,"['Action', 'Adventure', 'Drama']"
"Eat, Sleep, Die",/title/tt2085002/?ref_=sr_t_1,"['11,700,000']",[],Gabriela Pichler,6.4,['Drama']
Middle of Nowhere,/title/tt1032817/?ref_=sr_t_1,,,,,
Star Trek,/title/tt0796366/?ref_=sr_t_1,"['150,000,000']","['385,680,446']",2h 7m,7.9,"['Action', 'Adventure', 'Sci-Fi']"
Waking Life,/title/tt0243017/?ref_=sr_t_1,,,,,
Enter the Void,/title/tt1191111/?ref_=sr_t_1,"['16,000,000']",[],2h 41m,7.2,"['Drama', 'Fantasy']"
Of Gods and Men,/title/tt1588337/?ref_=sr_t_1,"['4,000,000']","['43,803,417']",2h 2m,7.2,"['Drama', 'History']"
Into Great Silence,/title/tt0478160/?ref_=sr_t_1,,,,,
The Descendants,/title/tt1033575/?ref_=sr_t_1,"['20,000,000']","['177,243,185']",1h 55m,7.3,"['Comedy', 'Drama']"
Beasts of the Southern Wild,/title/tt2125435/?ref_=sr_t_1,"['1,800,000']","['21,107,746']",1h 33m,7.2,"['Adventure', 'Drama', 'Fantasy']"
Idiocracy,/title/tt0387808/?ref_=sr_t_1,"['2,400,000']",[],1h 24m,6.5,"['Adventure', 'Comedy', 'Sci-Fi']"
The Hurt Locker,/title/tt0887912/?ref_=sr_t_1,"['15,000,000']","['49,259,766']",2h 11m,7.5,"['Drama', 'Thriller', 'War']"
Michael Clayton,/title/tt0465538/?ref_=sr_t_1,"['25,000,000']","['92,991,835']",1h 59m,7.2,"['Crime', 'Drama', 'Mystery']"
You Can Count on Me Me,/title/tt0203230/?ref_=sr_t_1,"['1,200,000']","['11,242,521']",1h 51m,7.5,['Drama']
Wolff Von Amerongen: Did He Commit Bankruptcy Offences?,/title/tt0499138/?ref_=sr_t_1,,,,,
Longing,/title/tt9198364/?ref_=sr_t_1,"['60,000,000']","['20,282,422']",1h 48m,6.7,"['Drama', 'Fantasy', 'Romance']"
Toni Erdmann,/title/tt4048272/?ref_=sr_t_1,"['3,000,000']","['11,784,207']",2h 42m,7.3,"['Comedy', 'Drama']"
Platform,/title/tt8228288/?ref_=sr_t_1,,,,,
The Holy Girl,/title/tt0300270/?ref_=sr_t_1,"['1,400,000']","['1,261,792']",1h 46m,6.7,['Drama']
Y Tu Mamá También,/title/tt0245574/?ref_=sr_t_1,"['2,000,000']","['33,616,692']",Alfonso Cuarón,7.7,['Drama']
Good Night and Good Luck,/title/tt0433383/?ref_=sr_t_1,"['7,000,000']","['54,641,191']",1h 33m,7.4,"['Biography', 'Drama', 'History']"
Hugo,/title/tt0970179/?ref_=sr_t_1,"['150,000,000']","['185,770,310']",2h 6m,7.5,"['Adventure', 'Drama', 'Family']"
Quills,/title/tt0180073/?ref_=sr_t_1,"['13,500,000']","['17,989,227']",2h 4m,7.2,"['Biography', 'Drama']"
The Sapphires,/title/tt1673697/?ref_=sr_t_1,"['10,000,000']","['20,423,628']",1h 43m,7.0,"['Biography', 'Comedy', 'Drama']"
Where Do We Go Now?,/title/tt1772424/?ref_=sr_t_1,"['6,700,000']","['7,507,008']",1h 50m,7.4,"['Comedy', 'Drama']"
Ajami,/title/tt1077262/?ref_=sr_t_1,"['1,000,000']","['1,331,651']",2h 4m,7.3,"['Crime', 'Drama']"
Amélie,/title/tt0211915/?ref_=sr_t_1,"['10,000,000']","['174,277,375']",2h 2m,8.3,"['Comedy', 'Romance']"
Avatar,/title/tt1630029/?ref_=sr_t_1,"['350,000,000']","['2,320,250,']",3h 12m,7.6,"['Action', 'Adventure', 'Fantasy']"
Coming Home,/title/tt8350360/?ref_=sr_t_1,"['30,000,000']","['231,252,591']",1h 46m,5.9,"['Horror', 'Mystery', 'Thriller']"
The Wrestler,/title/tt1125849/?ref_=sr_t_1,"['6,000,000']","['44,734,660']",1h 49m,7.9,"['Drama', 'Sport']"
The Great Beauty,/title/tt2358891/?ref_=sr_t_1,"['9,200,000']","['25,109,160']",2h 21m,7.7,['Drama']
Eden,/title/tt1020530/?ref_=sr_t_1,,,,,
Ghost World,/title/tt0162346/?ref_=sr_t_1,"['7,000,000']","['8,764,389']",1h 51m,7.3,"['Comedy', 'Drama']"
Wendy and Lucy,/title/tt1152850/?ref_=sr_t_1,[],"['1,192,995']",1h 20m,7.1,['Drama']
Everyone Else,/title/tt1204773/?ref_=sr_t_1,,,,,
Millennium Mambo,/title/tt0283283/?ref_=sr_t_1,,,,,
In Vanda’s Room,/title/tt0139500/?ref_=sr_t_1,,,,,
My Golden Days,/title/tt4048050/?ref_=sr_t_1,,,,,
Carlos,/title/tt1067774/?ref_=sr_t_1,"['20,000,000']","['39,782,683']",1h 49m,5.8,"['Adventure', 'Comedy', 'Family']"
Sumas y Restas,/title/tt0265825/?ref_=sr_t_1,"['1,500,000']",,,,
Regular Lovers,/title/tt0443844/?ref_=sr_t_1,,,,,
The Days When I Do Not Exist,/title/tt0365398/?ref_=sr_t_1,,,,,
The Death of Mr Lazarescu,/title/tt0456149/?ref_=sr_t_1,[],[],2h 33m,7.8,"['Comedy', 'Drama']"
Phoenix,/title/tt0373889/?ref_=sr_t_1,"['150,000,000']","['939,288,806']",2h 18m,7.5,"['Action', 'Adventure', 'Family']"
As I Was Moving Ahead Occasionally I Saw Brief Glimpses of Beauty,/title/tt0262240/?ref_=sr_t_1,,,,,
Silver Linings Playbook,/title/tt1045658/?ref_=sr_t_1,"['21,000,000']","['236,412,453']",2h 2m,7.7,"['Comedy', 'Drama', 'Romance']"
The Artist,/title/tt3521126/?ref_=sr_t_1,"['10,000,000']","['29,820,616']",1h 44m,7.3,"['Biography', 'Comedy', 'Drama']"
The King’s Speech,/title/tt1504320/?ref_=sr_t_1,"['15,000,000']","['484,068,861']",1h 58m,8.0,"['Biography', 'Drama', 'History']"
Vera Drake,/title/tt0383694/?ref_=sr_t_1,"['11,000,000']","['13,267,869']",2h 5m,7.6,"['Crime', 'Drama']"
Wild,/title/tt0758758/?ref_=sr_t_1,"['15,000,000']","['56,675,895']",2h 28m,8.1,"['Adventure', 'Biography', 'Drama']"
Theeb,/title/tt3170902/?ref_=sr_t_1,,,,,
A Time for Drunken Horses,/title/tt0259072/?ref_=sr_t_1,,,,,
Man on Wire,/title/tt1155592/?ref_=sr_t_1,"['1,000,000']","['5,258,569']",1h 34m,7.7,"['Documentary', 'Biography', 'Crime']"
Days of Glory,/title/tt0444182/?ref_=sr_t_1,"['14,500,000']","['22,963,701']",2h,7.0,"['Action', 'Drama', 'War']"
Cosmos,/title/tt19861160/?ref_=sr_t_1,,,,,
Che,/title/tt0111573/?ref_=sr_t_1,"['2,700,000']",,,,
The Intruder,/title/tt6722030/?ref_=sr_t_1,"['8,000,000']","['36,599,361']",1h 42m,5.6,"['Horror', 'Thriller']"
Morvern Callar,/title/tt0300214/?ref_=sr_t_1,,,,,
The Circle,/title/tt4649466/?ref_=sr_t_1,"['104,000,000']","['410,902,662']",2h 21m,6.7,"['Action', 'Adventure', 'Comedy']"
Bad Education,/title/tt8206668/?ref_=sr_t_1,,,,,
Rust and Bone,/title/tt2053425/?ref_=sr_t_1,"['15,550,182']","['25,807,712']",2h,7.4,"['Drama', 'Romance']"
5x2,/title/tt0354356/?ref_=sr_t_1,"['5,250,784']","['7,444,906']",1h 30m,6.6,"['Drama', 'Romance']"
"Police, Adjective",/title/tt1337051/?ref_=sr_t_1,[],[],1h 53m,7.0,"['Crime', 'Drama']"
Winter Sleep,/title/tt2758880/?ref_=sr_t_1,,,,,
Jackass 3D,/title/tt1116184/?ref_=sr_t_1,"['20,000,000']","['171,685,792']",1h 34m,7.0,"['Documentary', 'Action', 'Comedy']"
What Time Is It There?,/title/tt0269746/?ref_=sr_t_1,,,,,
Letters From Iwo Jima,/title/tt0498380/?ref_=sr_t_1,"['19,000,000']","['68,673,228']",2h 21m,7.8,"['Action', 'Adventure', 'Drama']"
Nebraska,/title/tt1821549/?ref_=sr_t_1,"['12,000,000']","['27,682,872']",1h 55m,7.7,['Drama']
The Magdalene Sisters,/title/tt0318411/?ref_=sr_t_1,,,,,
Father of My Children,/title/tt1356928/?ref_=sr_t_1,"['2,100,000']",[],1h 50m,6.8,['Drama']
The Consequences of Love,/title/tt0398883/?ref_=sr_t_1,"['2,000,000']","['2,556,056']",Paolo Sorrentino,7.5,"['Crime', 'Drama', 'Romance']"
Summer Hours,/title/tt0836700/?ref_=sr_t_1,"['4,400,000']","['7,835,857']",1h 43m,7.1,"['Drama', 'Family']"
Wet Hot American Summer,/title/tt0243655/?ref_=sr_t_1,"['5,000,000']",[],1h 37m,6.5,"['Comedy', 'Romance']"
Cast Away,/title/tt0162222/?ref_=sr_t_1,"['90,000,000']","['429,632,142']",2h 23m,7.8,"['Adventure', 'Drama', 'Romance']"
Café Lumière,/title/tt0412596/?ref_=sr_t_1,,,,,
Millennium Actress,/title/tt0291350/?ref_=sr_t_1,,,,,
Hotel Rwanda,/title/tt0395169/?ref_=sr_t_1,"['17,500,000']","['33,882,243']",2h 1m,8.1,"['Biography', 'Drama', 'History']"
Birth,/title/tt0337876/?ref_=sr_t_1,"['20,000,000']","['23,925,492']",1h 40m,6.2,"['Drama', 'Fantasy', 'Mystery']"
Silent Light,/title/tt0841925/?ref_=sr_t_1,[],[],2h 16m,7.2,"['Drama', 'Romance']"
Winter's Bone,/title/tt1399683/?ref_=sr_t_1,"['2,000,000']","['13,796,834']",1h 40m,7.1,"['Drama', 'Mystery']"
Moon,/title/tt5537002/?ref_=sr_t_1,"['200,000,000']","['155,576,319']",3h 26m,7.9,"['Crime', 'Drama', 'History']"
The Taste of Others,/title/tt0216787/?ref_=sr_t_1,,,,,
The Assassination of Jesse James by the Coward Robert Ford,/title/tt0443680/?ref_=sr_t_1,"['30,000,000']","['15,001,776']",2h 40m,7.5,"['Biography', 'Crime', 'Drama']"
The Lord of the Rings: The Fellowship of the Ring,/title/tt0120737/?ref_=sr_t_1,"['93,000,000']","['883,407,846']",2h 58m,8.8,"['Action', 'Adventure', 'Drama']"
Making Of,/title/tt0443453/?ref_=sr_t_1,"['18,000,000']","['262,552,893']",1h 24m,7.4,['Comedy']
House of Flying Daggers,/title/tt0385004/?ref_=sr_t_1,"['100,000,000']","['92,863,945']",1h 59m,7.5,"['Action', 'Adventure', 'Drama']"
Miners Shot Down,/title/tt3677896/?ref_=sr_t_1,,,,,
678,/title/tt1764141/?ref_=sr_t_1,,,,,
Hijack Stories,/title/tt0215841/?ref_=sr_t_1,,,,,
Spotlight,/title/tt1895587/?ref_=sr_t_1,"['20,000,000']","['98,690,254']",2h 9m,8.1,"['Biography', 'Crime', 'Drama']"
The Gatekeepers,/title/tt2309788/?ref_=sr_t_1,,,,,
Sexy Beast,/title/tt0203119/?ref_=sr_t_1,,,,,
Anchorman: The Legend of Ron Burgundy,/title/tt0357413/?ref_=sr_t_1,"['26,000,000']","['90,709,367']",1h 34m,7.1,['Comedy']
Los Angeles Plays Itself,/title/tt0379357/?ref_=sr_t_1,,,,,
Crank,/title/tt0479884/?ref_=sr_t_1,"['12,000,000']","['42,931,041']",1h 28m,6.9,"['Action', 'Crime', 'Thriller']"
The Forest for the Trees,/title/tt0386862/?ref_=sr_t_1,,,,,
Miami Vice,/title/tt0430357/?ref_=sr_t_1,"['135,000,000']","['163,794,509']",2h 12m,6.1,"['Action', 'Crime', 'Drama']"
Woman on the Beach,/title/tt0040000/?ref_=sr_t_1,,,,,
Nostalgia for the Light,/title/tt1556190/?ref_=sr_t_1,,,,,
Lifeline,/title/tt25973750/?ref_=sr_t_1,,,,,
Kung Fu Hustle,/title/tt0373074/?ref_=sr_t_1,"['20,000,000']","['104,882,445']",1h 39m,7.7,"['Action', 'Comedy', 'Fantasy']"
Un lac,/title/tt1270702/?ref_=sr_t_1,,,,,
Detention,/title/tt1701990/?ref_=sr_t_1,"['10,000,000']",,,,
A Vingança de Uma Mulher,/title/tt2050453/?ref_=sr_t_1,,,,,
Match Point,/title/tt0416320/?ref_=sr_t_1,"['15,000,000']","['85,638,656']",2h 4m,7.6,"['Drama', 'Romance', 'Thriller']"
No Home Movie,/title/tt4881016/?ref_=sr_t_1,,,,,
The Romance of Astrea and Celadon,/title/tt0823240/?ref_=sr_t_1,,,,,
The Strange Case of Angelica,/title/tt1282153/?ref_=sr_t_1,"['2,000,000']",[],1h 37m,6.3,"['Drama', 'Fantasy']"
You Will Meet a Tall Dark Stranger,/title/tt1182350/?ref_=sr_t_1,"['22,000,000']","['36,015,260']",1h 38m,6.3,"['Comedy', 'Drama', 'Romance']"
The Hateful Eight,/title/tt3460252/?ref_=sr_t_1,"['44,000,000']","['161,217,616']",2h 48m,7.8,"['Crime', 'Drama', 'Mystery']"
Hedwig and the Angry Inch,/title/tt0248845/?ref_=sr_t_1,"['6,000,000']","['3,660,081']",1h 35m,7.7,"['Comedy', 'Drama', 'Music']"
Battle Royale,/title/tt0266308/?ref_=sr_t_1,"['4,500,000']","['1,340,715']",1h 54m,7.5,"['Action', 'Adventure', 'Drama']"
Bad Lieutenant: Port of Call New Orleans,/title/tt1095217/?ref_=sr_t_1,"['25,000,000']","['10,606,422']",2h 2m,6.6,"['Crime', 'Drama', 'Mystery']"
Night Will Fall,/title/tt3455822/?ref_=sr_t_1,,,,,
The Lobster,/title/tt3464902/?ref_=sr_t_1,"['4,000,000']","['17,581,104']",1h 59m,7.1,"['Drama', 'Romance', 'Sci-Fi']"
Best in Show,/title/tt0218839/?ref_=sr_t_1,"['10,000,000']","['20,789,556']",1h 30m,7.4,['Comedy']
About Elly,/title/tt1360860/?ref_=sr_t_1,,,,,
Good Bye Lenin!,/title/tt0301357/?ref_=sr_t_1,"['4,800,000']","['79,316,957']",2h 1m,7.7,"['Comedy', 'Drama', 'Romance']"
The Baader Meinhof Complex,/title/tt0765432/?ref_=sr_t_1,"['20,000,000']","['26,937,355']",2h 30m,7.3,"['Action', 'Biography', 'Crime']"
Django Unchained,/title/tt1853728/?ref_=sr_t_1,"['100,000,000']","['426,074,373']",2h 45m,8.5,"['Drama', 'Western']"
Alpha Dog,/title/tt0426883/?ref_=sr_t_1,,,,,
Young Adult,/title/tt1625346/?ref_=sr_t_1,"['12,000,000']","['22,939,027']",1h 34m,6.3,"['Comedy', 'Drama']"
Tropic Thunder,/title/tt0942385/?ref_=sr_t_1,"['92,000,000']","['195,702,963']",1h 47m,7.1,"['Action', 'Comedy', 'War']"
Dirty Pretty Things,/title/tt0301199/?ref_=sr_t_1,"['10,000,000']","['13,904,766']",1h 37m,7.3,"['Crime', 'Drama', 'Thriller']"
The Imposter,/title/tt1966604/?ref_=sr_t_1,,,,,
A Girl Walks Home Alone at Night,/title/tt2326554/?ref_=sr_t_1,,,,,
Bone Tomahawk,/title/tt2494362/?ref_=sr_t_1,"['1,800,000']",[],2h 12m,7.1,"['Drama', 'Horror', 'Western']"
The Queen,/title/tt3463938/?ref_=sr_t_1,,,,,
Climates,/title/tt0498097/?ref_=sr_t_1,,,,,
Poetry,/title/tt1287878/?ref_=sr_t_1,"['1,300,000,']","['2,539,040']",2h 19m,7.8,['Drama']
Beyond the Hills,/title/tt2258281/?ref_=sr_t_1,,,,,
All Divided Selves,/title/tt2261217/?ref_=sr_t_1,,,,,
Oasis,/title/tt0320193/?ref_=sr_t_1,,,,,
The House of Mirth,/title/tt0200720/?ref_=sr_t_1,"['10,000,000']","['5,164,404']",2h 15m,7.0,"['Romance', 'Drama']"
Locke,/title/tt24870072/?ref_=sr_t_1,,,,,
Sin Nombre,/title/tt1127715/?ref_=sr_t_1,,,,,
Babel,/title/tt0449467/?ref_=sr_t_1,"['25,000,000']","['135,330,182']",2h 23m,7.5,['Drama']
The Sky Trembles and the Earth Is Afraid and the Two Eyes Are Not Brothers,/title/tt4881172/?ref_=sr_t_1,,,,,
From What Is Before,/title/tt3303310/?ref_=sr_t_1,[],,,,
Lost and Beautiful,/title/tt2188860/?ref_=sr_t_1,[],[],Maurizio Braucci,6.7,"['Adventure', 'Drama', 'Fantasy']"
The Captive,/title/tt2326612/?ref_=sr_t_1,,,,,
The Yards,/title/tt0190138/?ref_=sr_t_1,"['41,300,000']","['106,371,651']",1h 38m,6.7,"['Comedy', 'Crime']"
Shara,/title/tt0363060/?ref_=sr_t_1,,,,,
Twixt,/title/tt1756851/?ref_=sr_t_1,"['7,000,000']",[],1h 28m,4.7,"['Comedy', 'Fantasy', 'Horror']"
To Die Like a Man,/title/tt1424361/?ref_=sr_t_1,[],[],João Pedro Rodrigues,6.4,"['Drama', 'Music']"
The Deep Blue Sea,/title/tt1700844/?ref_=sr_t_1,,,,,
Sita Sings the Blues,/title/tt1172203/?ref_=sr_t_1,,,,,
Take This Waltz,/title/tt1592281/?ref_=sr_t_1,,,,,
Bend It Like Beckham,/title/tt0286499/?ref_=sr_t_1,"['3,500,159']","['76,585,828']",1h 52m,6.7,"['Comedy', 'Drama', 'Romance']"
The Namesake,/title/tt0433416/?ref_=sr_t_1,"['9,500,000']","['20,354,321']",Mira Nair,7.5,['Drama']
Paradise Now,/title/tt0445620/?ref_=sr_t_1,"['2,000,000']","['3,579,902']",1h 31m,7.4,"['Crime', 'Drama', 'Thriller']"
Revolutionary Road,/title/tt0959337/?ref_=sr_t_1,"['35,000,000']","['75,981,180']",1h 59m,7.3,"['Drama', 'Romance']"
The Beat That My Heart Skipped,/title/tt0411270/?ref_=sr_t_1,"['5,300,000']","['11,757,109']",1h 48m,7.2,"['Crime', 'Drama', 'Music']"
The Edge of Heaven,/title/tt0880502/?ref_=sr_t_1,,,,,
Incendies,/title/tt1255953/?ref_=sr_t_1,"['6,800,000']","['6,797,861']",2h 11m,8.3,"['Drama', 'Mystery', 'War']"
Elena,/title/tt28081899/?ref_=sr_t_1,,,,,
Master and Commander: The Far Side of the World,/title/tt0311113/?ref_=sr_t_1,"['150,000,000']","['211,622,535']",2h 18m,7.5,"['Action', 'Adventure', 'Drama']"
The Prestige,/title/tt0482571/?ref_=sr_t_1,"['40,000,000']","['109,676,311']",2h 10m,8.5,"['Drama', 'Mystery', 'Sci-Fi']"
Song of the Sea,/title/tt1865505/?ref_=sr_t_1,"['5,300,000']","['4,228,034']",1h 33m,8.0,"['Animation', 'Adventure', 'Drama']"
"Monsters, Inc.",/title/tt0198781/?ref_=sr_t_1,"['115,000,000']","['579,707,738']",1h 32m,8.1,"['Animation', 'Adventure', 'Comedy']"
The Arbor,/title/tt1623008/?ref_=sr_t_1,,,,,
The Clock,/title/tt2119543/?ref_=sr_t_1,"['42,000,000']","['131,523,093']",1h 45m,6.1,"['Comedy', 'Family', 'Fantasy']"
"Goodbye, Dragon Inn",/title/tt0377556/?ref_=sr_t_1,,,,,
Monster,/title/tt4262980/?ref_=sr_t_1,,,,,
Caramel,/title/tt0825236/?ref_=sr_t_1,"['1,300,000']","['14,248,749']",1h 35m,7.1,"['Comedy', 'Drama', 'Romance']"
The Tiger and the Snow,/title/tt0419198/?ref_=sr_t_1,"['35,000,000']","['25,460,023']",Roberto Benigni,7.0,"['Comedy', 'Drama', 'Romance']"
Taxi Tehran,/title/tt4359416/?ref_=sr_t_1,,,,,
A Borrowed Identity,/title/tt2841572/?ref_=sr_t_1,,,,,
When I Saw You,/title/tt2369543/?ref_=sr_t_1,[],[],Annemarie Jacir,6.6,['Drama']
99 Homes,/title/tt2891174/?ref_=sr_t_1,"['8,000,000']","['1,828,232']",1h 52m,7.1,"['Crime', 'Drama']"
Human,/title/tt1467304/?ref_=sr_t_1,"['1,500,000']",[],1h 32m,4.4,['Horror']
Drive,/title/tt0780504/?ref_=sr_t_1,"['15,000,000']","['78,714,970']",1h 40m,7.8,"['Action', 'Drama']"
Alexandre Sokurov,/title/tt4296736/?ref_=sr_t_1,,,,,
Infernal Affairs,/title/tt0338564/?ref_=sr_t_1,"['6,428,966']","['8,836,958']",1h 41m,8.0,"['Action', 'Crime', 'Drama']"
Shrek,/title/tt0126029/?ref_=sr_t_1,"['60,000,000']","['488,441,368']",1h 30m,7.9,"['Animation', 'Adventure', 'Comedy']"
The Time That Remains,/title/tt1037163/?ref_=sr_t_1,"['6,500,000']","['1,037,505']",1h 49m,7.0,"['Drama', 'History']"
The Box of Life,/title/tt0303792/?ref_=sr_t_1,,,,,
Men at Work,/title/tt0100135/?ref_=sr_t_1,,,,,
Arabian Nights: Volume 1 – The Restless One,/title/tt3284178/?ref_=sr_t_1,,,,,
"I Travel Because I Have To, I Come Back Because I Love You",/title/tt1500761/?ref_=sr_t_1,,,,,
Three Times,/title/tt2393845/?ref_=sr_t_1,,,,,
The Departed,/title/tt0407887/?ref_=sr_t_1,"['90,000,000']","['291,480,452']",2h 31m,8.5,"['Crime', 'Drama', 'Thriller']"
Beginners,/title/tt15509244/?ref_=sr_t_1,,,,,
Knight of Cups,/title/tt2101383/?ref_=sr_t_1,,,,,
Godzilla,/title/tt23289160/?ref_=sr_t_1,"['15,000,000']","['57,330,980']",2h 4m,8.5,"['Action', 'Adventure', 'Drama']"
Girlhood,/title/tt3655522/?ref_=sr_t_1,"['2,966,000']","['1,862,990']",1h 53m,7.0,['Drama']
Team America: World Police,/title/tt0372588/?ref_=sr_t_1,"['32,000,000']","['50,826,898']",1h 38m,7.2,"['Action', 'Comedy']"
Still Walking,/title/tt1087578/?ref_=sr_t_1,,,,,
Step Brothers,/title/tt0838283/?ref_=sr_t_1,"['65,000,000']","['128,108,211']",1h 38m,6.9,['Comedy']
Bright Star,/title/tt0810784/?ref_=sr_t_1,"['8,500,000']","['14,374,652']",1h 59m,6.9,"['Biography', 'Drama', 'Romance']"
Mr Turner,/title/tt2473794/?ref_=sr_t_1,"['8,200,000']","['22,179,785']",2h 30m,6.8,"['Biography', 'Drama', 'History']"
The Lord of the Rings: The Return of the King,/title/tt0167260/?ref_=sr_t_1,"['94,000,000']","['1,156,149,']",3h 21m,9.0,"['Action', 'Adventure', 'Drama']"
Kill List,/title/tt1788391/?ref_=sr_t_1,[],[],1h 35m,6.4,"['Action', 'Crime', 'Drama']"
Kiss Kiss Bang Bang,/title/tt0373469/?ref_=sr_t_1,"['15,000,000']","['15,785,148']",1h 43m,7.5,"['Comedy', 'Crime', 'Mystery']"
Bowling for Columbine,/title/tt0310793/?ref_=sr_t_1,"['4,000,000']","['58,011,975']",2h,8.0,"['Documentary', 'Crime', 'Drama']"
Samson & Delilah,/title/tt0041838/?ref_=sr_t_1,"['3,000,000']",,,,
The Man Without A Past,/title/tt0311519/?ref_=sr_t_1,"['8,000,000']","['9,564,237']",1h 37m,7.6,"['Comedy', 'Drama', 'Romance']"
Secret Things,/title/tt0287963/?ref_=sr_t_1,,,,,
La Ciénaga,/title/tt0240419/?ref_=sr_t_1,,,,,
In the Family,/title/tt15988620/?ref_=sr_t_1,"['6,000,000']",,,,
Gerry,/title/tt0302674/?ref_=sr_t_1,"['3,500,000']",[],1h 43m,6.0,"['Adventure', 'Drama', 'Mystery']"
Songs from the Second Floor,/title/tt0120263/?ref_=sr_t_1,,,,,
Journey to the West,/title/tt2017561/?ref_=sr_t_1,,,,,
Japon,/title/tt0322824/?ref_=sr_t_1,[],[],2h 2m,6.9,['Drama']
Neighboring Sounds,/title/tt2190367/?ref_=sr_t_1,"['1,860,000']",[],2h 11m,7.1,"['Drama', 'Thriller']"
The Band’s Visit,/title/tt1032856/?ref_=sr_t_1,,,,,
Time Out,/title/tt0313443/?ref_=sr_t_1,"['50,000,000']","['55,495,563']",1h 45m,6.5,"['Crime', 'Drama', 'Mystery']"
Barbara,/title/tt2178941/?ref_=sr_t_1,,,,,
A Tale of Two Sisters,/title/tt0365376/?ref_=sr_t_1,,,,,
Meek's Cutoff,/title/tt1518812/?ref_=sr_t_1,"['2,000,000']","['1,205,257']",1h 44m,6.5,"['Adventure', 'Drama', 'Thriller']"
Captain America: Winter Soldier,/title/tt1843866/?ref_=sr_t_1,"['170,000,000']","['714,421,503']",2h 16m,7.8,"['Action', 'Adventure', 'Sci-Fi']"
Star Wars: Episode VII – The Force Awakens,/title/tt2488496/?ref_=sr_t_1,"['245,000,000']","['2,071,310,']",2h 18m,7.8,"['Action', 'Adventure', 'Sci-Fi']"
Love Actually,/title/tt0314331/?ref_=sr_t_1,"['40,000,000']","['249,006,785']",2h 15m,7.6,"['Comedy', 'Drama', 'Romance']"
Chicago,/title/tt0299658/?ref_=sr_t_1,"['45,000,000']","['306,776,732']",1h 53m,7.2,"['Comedy', 'Crime', 'Musical']"
High Fidelity,/title/tt0146882/?ref_=sr_t_1,"['30,000,000']","['47,126,295']",1h 53m,7.4,"['Comedy', 'Drama', 'Music']"
Four Lions,/title/tt1341167/?ref_=sr_t_1,,,,,
Gangs of Wasseypur,/title/tt1954470/?ref_=sr_t_1,"['184,000,000']","['4,384,642']",5h 21m,8.2,"['Action', 'Comedy', 'Crime']"
This Is England,/title/tt0480025/?ref_=sr_t_1,"['1,500,000']","['8,481,254']",1h 41m,7.7,"['Crime', 'Drama']"
The Skin I Live In,/title/tt1189073/?ref_=sr_t_1,"['10,002,914']","['33,716,389']",2h,7.6,"['Drama', 'Horror', 'Mystery']"
Once,/title/tt6710474/?ref_=sr_t_1,"['14,300,000']","['143,379,294']",2h 19m,7.8,"['Action', 'Adventure', 'Comedy']"
Blissfully Yours,/title/tt0317171/?ref_=sr_t_1,,,,,
Be Kind Rewind,/title/tt0799934/?ref_=sr_t_1,"['20,000,000']","['30,579,406']",1h 42m,6.4,['Comedy']
Frontier of Dawn,/title/tt1073535/?ref_=sr_t_1,"['1,800,000']",[],1h 46m,6.4,"['Drama', 'Romance']"
Kings and Queen,/title/tt0049407/?ref_=sr_t_1,,,,,
The Hours,/title/tt0274558/?ref_=sr_t_1,"['25,000,000']","['108,846,072']",1h 50m,7.5,"['Drama', 'Romance']"
The Sun Also Rises,/title/tt0051028/?ref_=sr_t_1,,,,,
"Lust, Caution",/title/tt0808357/?ref_=sr_t_1,"['15,000,000']","['67,091,915']",2h 37m,7.5,"['Drama', 'History', 'Romance']"
